up1,pdb1,chain1,up2,pdb2,chain2,min_distance,mean_distance,aligned_mean_distance
Q92918,7KAC,A,Q92918,ZZZZ,A,0.59156567,5.921039,3.847038
Q92918,7KAC,A,Q8IVH8,5J5T,A,6.4259853,14.059137,12.789665
Q92918,ZZZZ,A,Q8IVH8,5J5T,A,5.3510137,16.145079,15.643303
